{
  "format_version": "1.12",
  "minecraft:recipe_shaped": {
    "description": {
      "identifier": "recipes_e61aee60"
    },
    "tags": [
      "crafting_table"
    ],
    "pattern": [
      "ABC",
      "DED",
      "CBF"
    ],
    "key": {
      "A": {
        "item": "loling:loling_table",
        "data": 0
      },
      "B": {
        "item": "crafting:drill",
        "data": 0
      },
      "C": {
        "item": "pa:change_mekriirj",
        "data": 0
      },
      "D": {
        "item": "colorful:colorful_red_orange_block",
        "data": 0
      },
      "E": {
        "item": "loled:creepy_smily_face",
        "data": 0
      },
      "F": {
        "item": "colorful:dark_red_block",
        "data": 0
      }
    },
    "result": {
      "item": "destructive:x5_tnt__survival_mode",
      "count": 1
    }
  }
}