{
  "format_version": "1.12",
  "minecraft:recipe_shaped": {
    "description": {
      "identifier": "god_tnt_survival_94312e88"
    },
    "tags": [
      "crafting_table"
    ],
    "pattern": [
      "AAA",
      "ABC",
      "DDC"
    ],
    "key": {
      "A": {
        "item": "minecraft:diamond",
        "data": 0
      },
      "B": {
        "item": "minecraft:tnt",
        "data": 0
      },
      "C": {
        "item": "minecraft:obsidian",
        "data": 0
      },
      "D": {
        "item": "minecraft:golden_apple",
        "data": 0
      }
    },
    "result": {
      "item": "destructive:god_tnt_survival",
      "count": 1
    }
  }
}