{
  "format_version": "1.12",
  "minecraft:recipe_shaped": {
    "description": {
      "identifier": "knockback_tnt_survival_32f37f57"
    },
    "tags": [
      "crafting_table"
    ],
    "pattern": [
      " A ",
      "ABA",
      " A "
    ],
    "key": {
      "A": {
        "item": "minecraft:sand",
        "data": 0
      },
      "B": {
        "item": "minecraft:arrow",
        "data": 0
      }
    },
    "result": {
      "item": "destructive:knockback_tnt_survival",
      "count": 1
    }
  }
}