{
  "format_version": "1.12",
  "minecraft:recipe_shaped": {
    "description": {
      "identifier": "bad_quality_tnt_survival_cf0134e4"
    },
    "tags": [
      "crafting_table"
    ],
    "pattern": [
      " A ",
      "ABA",
      " A "
    ],
    "key": {
      "A": {
        "item": "minecraft:sand",
        "data": 0
      },
      "B": {
        "item": "minecraft:gunpowder",
        "data": 0
      }
    },
    "result": {
      "item": "destructive:bad_quality_tnt_survival",
      "count": 1
    }
  }
}