{
  "format_version": 1,
  "header": {
    "description": "Adds 16 new TNT’s to your Minecraft game, x5, x20, x50, x100, x500, napalm, nuke, fast, no texture, fake, small, mining, god, bad quality, Knockback, And FIRE! Use function “TNT_Destructive_Addon” to get the TNTs, Inspired by TOO MUCH TNT MOD for Java Edition and old versions of BlockLauncher. Made by lasokar",
    "name": "TNT Destructive Addon",
    "uuid": "81ba53a3-7dd3-41a8-b886-5afb9af2e885",
    "version": [
      0,
      0,
      1
    ],
    "min_engine_version": [
      1,
      8,
      0
    ]
  },
  "modules": [
    {
      "description": "Adds 16 new TNT’s to your Minecraft game, x5, x20, x50, x100, x500, napalm, nuke, fast, no texture, fake, small, mining, god, bad quality, Knockback, And FIRE! Use function “TNT_Destructive_Addon” to get the TNTs, Inspired by TOO MUCH TNT MOD for Java Edition and old versions of BlockLauncher. Made by lasokar",
      "type": "data",
      "uuid": "e8a3fd74-6f5c-40df-bc32-438c9d50a1f2",
      "version": [
        0,
        0,
        1
      ]
    }
  ],
  "dependencies": [
    {
      "uuid": "b0c77ce6-105f-42e8-a318-b473468b7ac2",
      "version": [
        0,
        0,
        1
      ]
    }
  ]
}